"","id","mus1.1listentorecordedmusic","mus1.1listentorecordedmusic_times","mus1.2singaloneorwithothers","mus1.2singaloneorwithothers_times","mus1.3lookatbooks","mus1.3lookatbooks_times","mus1.4playwithmusicalinstruments","mus1.4playwithmusicalinstruments_times","mus1.5makepaintingsordrawings","mus1.5makepaintingsordrawings_times","mus2.1dophysicalexercise","mus2.1dophysicalexercise_times","mus2.2danceormovetomusic","mus2.2danceormovetomusic_times","mus2.3attendmusicclasseslessons","mus2.3attendmusicclasseslessons_times","mus3.1Ireadbookstomybaby","mus3.1Ireadbookstomybaby_times","mus3.2isangtomybaby","mus3.2isangtomybaby_times","mus3.3iplayedmusicalinstrumentswithmybaby","mus3.3iplayedmusicalinstrumentswithmybaby_times","mus3.4iplayedrecordedmusicformybaby","mus3.4iplayedrecordedmusicformybaby_times","mus3.5imadepaintingsordrawingswithmybaby","mus3.5imadepaintingsordrawingswithmybaby_times","mus4.1itookmybabytoconcertstohearlivemusic","mus4.1itookmybabytoconcertstohearlivemusic_times","mus4.2itookmybabytoartmuseums","mus4.2itookmybabytoartmuseums_times","mus4.3itookmybabytomusicclasses","mus4.3itookmybabytomusicclasses_times","mus5.1isanglullabiesorothersongs","mus5.1isanglullabiesorothersongs_times","mus5.2iplayedrecordedmusic","mus5.2iplayedrecordedmusic_times","mus5.3ispokerhymesorpoemstomybaby","mus5.3ispokerhymesorpoemstomybaby_times","mus5.4imadecooingorshushingsounds","mus5.4imadecooingorshushingsounds_times","mus5.5irubbedmybaby.sback","mus5.5irubbedmybaby.sback_times","cbcl_total","age","education_year","female","child_exposure","lui_raw","lui_percentile","cdi_raw","cdi_percentile","emq_g","emq_pa","bilingual","bilingual_speaks","lab","graddegree","music","music_infant_total","music_current_total","music_total","htp","peabody_grasping","peabody_visualmotor","stp","DOB","BornBeforeApril2019","music_infant_total_times","music_current_total_times","music_total_times","non_music_total_times","non_music_total"
"1",427,5,75,6,180,7,270,4,15,3,4,6,4,7,6,6,4,7,270,7,270,6,180,6,180,1,0.75,6,4,1,0,6,4,7,6,4,1,1,0,7,6,7,6,NA,29,18,0,NA,129,84,97,NA,52,52,0,NA,1,1,1,42,28,70,2,33,100,16,"May 14, 2017",1,645,280,925,554.75,33
"2",431,4,15,3,4,7,270,3,4,5,75,7,6,7,6,5,1.5,5,75,6,180,2,1,3,4,1,0.75,2,0.17,2,0.17,2,0.17,7,6,6,4,6,4,6,4,4,1,NA,18,16,1,NA,36,42,11,NA,-9,21,1,NA,1,0,0,28,22,50,2,35,63,NA,"April 25, 2018",1,195.34,30.5,225.84,434.92,39
"3",432,2,1,3,4,4,15,1,0.75,1,0.75,7,6,7,6,1,0,4,15,5,75,1,0.75,3,4,1,0.75,1,0,3,0.5,1,0,3,0.5,1,0,4,1,6,4,6,4,NA,18,18,0,NA,24,36,9,NA,15,15,1,NA,1,1,0,15,14,29,2,40,81,9,"May 9, 2018",1,80.25,11.75,92,43,30
"4",433,4,15,6,180,6,180,3,4,4,15,1,0,7,6,1,0,5,75,5,75,3,4,4,15,3,4,1,0,1,0,1,0,7,6,1,0,2,0.17,6,4,7,6,NA,18,18,1,NA,46,60,26,NA,35,40,1,NA,1,1,0,22,21,43,2,39,84,11,"April 25, 2018",1,100,205,305,278.17,28
"5",437,6,180,5,75,5,75,5,75,5,75,7,6,7,6,1,0,5,75,5,75,5,75,7,270,4,15,1,0,1,0,1,0,7,6,7,6,7,6,7,6,7,6,NA,28,18,1,NA,94,20,80,NA,54,52,1,NA,1,1,0,33,24,57,3,37,94,5,"September 17, 2017",1,432,336,768,258,41
"6",438,5,75,4,15,5,75,3,4,4,15,7,6,7,6,6,4,5,75,4,15,3,4,5,75,3,4,1,0,2,0.17,6,4,2,0.17,1,0,2,0.17,5,1.5,6,4,NA,21,18,1,NA,NA,NA,46,NA,19,32,1,NA,1,1,1,22,25,47,2,43,101,14,"April 8, 2018",1,98.17,104,202.17,176.84,33
"7",439,5,75,5,75,4,15,3,4,4,15,5,1.5,7,6,1,0,4,15,4,15,3,4,4,15,3,4,2,0.17,2,0.17,1,0,6,4,1,0,2,0.17,7,6,7,6,NA,20,18,1,NA,25,4.5,11,NA,28,34,1,NA,1,1,0,21,21,42,3,40,75,5,"February 14, 2018",1,38.17,160,198.17,56.84,31
"8",441,6,180,7,270,6,180,4,15,5,75,7,6,7,6,1,0,4,15,6,180,3,4,6,180,3,4,3,0.5,3,0.5,4,1,7,6,7,6,2,0.17,6,4,6,4,NA,21,16,1,NA,84,86,44,NA,28,52,0,NA,1,0,0,36,25,61,3,36,88,11,"February 9, 2018",1,377.5,471,848.5,284.67,36
"9",442,5,75,5,75,5,75,5,75,6,180,7,6,7,6,6,4,5,75,5,75,4,15,5,75,4,15,2,0.17,3,0.5,1,0,6,4,7,6,3,0.5,6,4,7,6,NA,30,18,1,NA,108,25,65,NA,35,48,1,NA,1,1,1,30,28,58,1,36,102,15,"May 7, 2017",1,175.17,235,410.17,356,39
"10",443,5,75,7,270,6,180,4,15,4,15,7,6,7,6,6,4,5,75,6,180,4,15,5,75,3,4,2,0.17,1,0,6,4,6,4,1,0,2,0.17,6,4,5,1.5,NA,23,18,0,NA,69,60,50,NA,31,43,0,NA,1,1,1,30,29,59,3,41,92,4,"March 11, 2018",1,278.17,370,648.17,284.17,34
"11",445,5,75,6,180,6,180,4,15,5,75,7,6,7,6,1,0,5,75,6,180,4,15,4,15,4,15,1,0,1,0,2,0.17,6,4,1,0,1,0,7,6,6,4,NA,29,16,1,NA,146,91,90,NA,48,52,0,NA,1,0,0,24,23,47,3,44,102,11,"September 9, 2017",1,214.17,276,490.17,357,36
"12",446,4,15,5,75,6,180,3,4,4,15,7,6,7,6,6,4,5,75,6,180,2,1,2,1,2,1,5,1.5,3,0.5,2,0.17,5,1.5,1,0,1,0,6,4,5,1.5,NA,27,18,1,NA,129,87,83,NA,45,44,1,NA,1,1,1,23,25,48,3,42,98,16,"August 12, 2017",1,185.17,104,289.17,281.5,34
"13",448,4,15,4,15,5,75,5,75,6,180,5,1.5,7,6,1,0,5,75,5,75,5,75,5,75,5,75,1,0,3,0.5,1,0,6,4,5,1.5,6,4,6,4,6,4,NA,25,18,1,NA,NA,NA,40,NA,40,40,1,NA,1,1,0,28,21,49,NA,41,91,NA,"October 23, 2017",1,230.5,111,341.5,415,41
"14",449,5,75,5,75,6,180,3,4,1,0.75,7,6,7,6,6,4,5,75,6,180,4,15,5,75,1,0.75,2,0.17,1,0,6,4,7,6,2,0.17,2,0.17,3,0.5,6,4,NA,21,18,1,NA,67,61,66,NA,10,44,0,NA,1,1,1,32,26,58,3,40,83,11,"January 30, 2018",1,280.34,164,444.34,263.17,26
"15",453,6,180,4,15,6,180,4,15,3,4,7,6,7,6,1,0,5,75,5,75,5,75,6,180,3,4,1,0,4,1,1,0,5,1.5,6,4,4,1,6,4,7,6,NA,22,18,1,NA,69,51,58,NA,17,47,0,NA,1,1,0,29,22,51,3,36,94,NA,"March 12, 2018",1,335.5,216,551.5,275,38
"16",454,4,15,4,15,6,180,4,15,4,15,7,6,6,4,6,4,5,75,5,75,3,4,2,1,1,0.75,3,0.5,1,0,5,1.5,7,6,1,0,3,0.5,7,6,7,6,NA,30,18,1,NA,150,86,99,NA,56,52,0,NA,1,1,1,26,24,50,2,41,113,7,"July 12, 2017",1,88,53,141,283.25,34
"17",455,7,270,5,75,7,270,6,180,5,75,7,6,7,6,6,4,6,180,6,180,5,75,7,270,5,75,7,6,5,1.5,6,4,7,6,7,6,7,6,7,6,7,6,NA,19,14,1,NA,110,99,83,NA,24,51,1,NA,1,0,1,45,31,76,1,33,85,10,"June 22, 2018",1,547,535,1082,619.5,49
"18",457,6,180,6,180,5,75,6,180,4,15,7,6,7,6,5,1.5,5,75,6,180,5,75,4,15,3,4,6,4,4,1,6,4,7,6,2,0.17,6,4,3,0.5,3,0.5,NA,26,18,0,NA,133,97.5,88,NA,48,52,0,NA,1,1,1,36,30,66,3,41,90,7,"December 6, 2017",1,284.17,547.5,831.67,180.5,37
"19",458,6,180,7,270,5,75,4,15,4,15,7,6,7,6,6,4,4,15,7,270,4,15,5,75,3,4,2,0.17,1,0,1,0,7,6,2,0.17,3,0.5,4,1,4,1,NA,22,16,0,NA,86,89,89,NA,45,40,0,NA,1,0,0,28,30,58,3,41,100,9,"March 23, 2018",1,366.34,475,841.34,116.5,31
"20",460,5,75,4,15,5,75,3,4,4,15,6,4,7,6,6,4,5,75,5,75,3,4,4,15,3,4,3,0.5,2,0.17,6,4,4,1,6,4,1,0,6,4,4,1,NA,26,18,0,NA,NA,NA,58,NA,42,52,1,NA,1,1,1,31,25,56,2,41,91,13,"December 4, 2017",1,103.5,104,207.5,177.17,32
"21",461,7,270,7,270,6,180,6,180,5,75,7,6,7,6,6,4,6,180,7,270,4,15,6,180,3,4,6,4,4,1,6,4,7,6,6,4,6,4,7,6,6,4,NA,29,16,1,NA,158,95.5,92,NA,56,51,1,NA,1,0,0,42,33,75,3,46,111,11,"September 3, 2017",1,483,730,1213,456,44
"22",462,5,75,6,180,5,75,3,4,5,75,7,6,7,6,1,0,5,75,5,75,5,75,4,15,2,1,2,0.17,1,0,1,0,7,6,2,0.17,1,0,3,0.5,4,1,NA,23,18,1,NA,70,39,36,NA,21,44,0,NA,1,1,0,26,22,48,3,40,87,5,"April 4, 2018",1,171.34,265,436.34,232.5,29
"23",463,4,15,4,15,5,75,4,15,4,15,4,1,7,6,1,0,3,4,3,4,2,1,3,4,1,0.75,5,1.5,2,0.17,1,0,2,0.17,3,0.5,3,0.5,4,1,4,1,NA,18,18,0,NA,20,30,9,NA,-18,20,0,NA,1,1,0,19,20,39,1,39,80,15,"August 27, 2018",1,11.17,51,62.17,97.42,26
"24",465,6,180,6,180,6,180,5,75,5,75,7,6,7,6,6,4,6,180,6,180,4,15,6,180,4,15,2,0.17,5,1.5,6,4,6,4,4,1,2,0.17,7,6,7,6,NA,21,18,1,NA,90,91.5,54,NA,20,32,1,NA,1,1,1,34,30,64,3,40,89,14,"May 29, 2018",1,384.17,445,829.17,463.67,42
"25",467,4,15,1,0.75,5,75,3,4,1,0.75,7,6,7,6,1,0,5,75,5,75,1,0.75,5,75,1,0.75,2,0.17,1,0,1,0,6,4,2,0.17,2,0.17,5,1.5,2,0.17,NA,19,18,0,NA,67,89,52,NA,32,44,0,NA,1,1,0,22,16,38,2,38,80,5,"July 16, 2018",1,155.09,25.75,180.84,159.17,27
"26",468,3,4,6,180,6,180,4,15,3,4,7,6,7,6,6,4,5,75,6,180,3,4,6,180,1,0.75,4,1,4,1,1,0,7,6,7,6,3,0.5,7,6,7,6,NA,25,18,1,NA,104,73,39,NA,28,52,1,NA,1,1,0,34,26,60,NA,NA,NA,12,"January 31, 2018",1,377,209,586,273.25,36
"27",469,4,15,6,180,7,270,3,4,4,15,7,6,6,4,4,1,5,75,5,75,3,4,4,15,3,4,4,1,1,0,1,0,7,6,7,6,2,0.17,7,6,6,4,NA,29,18,0,NA,128,83,77,NA,52,48,0,NA,1,1,0,31,23,54,3,42,112,9,"September 16, 2017",1,107,204,311,376.17,36
"28",470,7,270,5,75,6,180,5,75,5,75,1,0,7,6,6,4,7,270,7,270,5,75,7,270,4,15,1,0,3,0.5,6,4,7,6,3,0.5,7,6,7,6,7,6,NA,19,18,0,NA,NA,NA,20,NA,24,44,0,NA,1,1,1,36,30,66,3,39,87,12,"July 3, 2018",1,625.5,430,1055.5,552.5,40
"29",478,6,180,5,75,6,180,5,75,4,15,7,6,7,6,6,4,6,180,6,180,4,15,6,180,2,1,5,1.5,2,0.17,2,0.17,7,6,1,0,6,4,5,1.5,6,4,NA,25,18,0,NA,NA,NA,26,NA,27,45,0,NA,1,1,1,31,29,60,3,42,89,5,"January 16, 2018",1,382.67,340,722.67,387.67,38
"30",484,5,75,6,180,6,180,6,180,4,15,7,6,7,6,7,6,6,180,6,180,6,180,7,270,2,1,6,4,4,1,4,1,5,1.5,2,0.17,6,4,5,1.5,2,0.17,NA,29,18,0,NA,104,49,67,NA,36,21,0,NA,1,1,1,31,36,67,3,39,96,15,"September 13, 2017",1,636.67,447,1083.67,388.5,40
"31",500,4,15,3,4,5,75,5,75,5,75,7,6,7,6,1,0,5,75,5,75,5,75,4,15,3,4,1,0,2,0.17,1,0,7,6,1,0,1,0,1,0,2,0.17,NA,22,16,1,70,112,98,27,5,35,38,1,1,0,0,0,24,20,44,NA,NA,NA,NA,"June 15, 2019",0,171,100,271,235.17,29
"32",502,5,75,5,75,5,75,3,4,4,15,1,0,6,4,1,0,6,180,5,75,2,1,4,15,1,0.75,1,0,1,0,1,0,6,4,6,4,1,0,6,4,4,1,3,20,18,0,100,54,67,48,70,23,33,0,0,0,1,0,25,20,45,NA,NA,NA,NA,"September 27, 2019",0,99,158,257,274.75,25
"33",503,4,15,3,4,7,270,5,75,4,15,1,0,7,6,6,4,5,75,5,75,4,15,3,4,3,4,1,0,1,0,1,0,7,6,1,0,1,0,6,4,4,1,2,18,18,0,100,36,56,25,55,-5,27,0,1,0,1,0,22,25,47,NA,NA,NA,NA,"January 10, 2020",0,100,104,204,368,28
"34",505,4,15,6,180,5,75,4,15,4,15,1,0,4,1,1,0,4,15,6,180,1,0.75,3,4,1,0.75,1,0,2,0.17,1,0,6,4,3,0.5,2,0.17,6,4,3,0.5,NA,22,18,0,100,81,85,55,65,28,42,0,0,0,1,0,21,19,40,NA,NA,NA,NA,"June 7, 2019",0,189.25,211,400.25,110.09,25
"35",506,4,15,5,75,6,180,2,1,5,75,6,4,6,4,1,0,6,180,6,180,2,1,4,15,2,1,2,0.17,1,0,1,0,7,6,2,0.17,2,0.17,4,1,4,1,NA,25,18,0,98,97,79,77,75,27,50,0,0,0,1,0,24,18,42,NA,NA,NA,NA,"March 2, 2019",1,202.34,95,297.34,441.17,32
"36",508,6,180,6,180,6,180,5,75,4,15,7,6,7,6,1,0,5,75,6,180,4,15,5,75,4,15,1,0,1,0,1,0,6,4,2,0.17,2,0.17,5,1.5,5,1.5,NA,25,18,1,100,89,46,82,65,39,52,0,0,0,1,0,25,25,50,NA,NA,NA,NA,"March 19, 2019",1,274.17,441,715.17,292.67,34
"37",511,5,75,5,75,6,180,4,15,3,4,7,6,7,6,1,0,6,180,6,180,4,15,6,180,2,1,1,0,1,0,1,0,5,1.5,2,0.17,2,0.17,5,1.5,5,1.5,NA,21,16,1,100,76,76,49,45,33,48,0,0,0,0,0,25,22,47,NA,NA,NA,NA,"July 23, 2019",0,376.67,171,547.67,372.67,32
"38",514,5,75,5,75,5,75,5,75,5,75,7,6,7,6,7,6,5,75,6,180,4,15,5,75,5,75,6,4,4,1,6,4,7,6,6,4,7,6,7,6,7,6,NA,31,18,0,20,116,50,75,30,45,46,1,1,0,1,0,40,29,69,NA,NA,NA,NA,"September 30, 2018",1,288,237,525,319,45
"39",517,7,270,1,0.75,4,15,3,4,3,4,7,6,7,6,1,0,6,180,5,75,5,75,5,75,1,0.75,1,0,1,0,1,0,4,1,2,0.17,4,1,2,0.17,6,4,NA,22,18,0,40,9,2.5,5,5,40,30,1,1,0,1,0,23,19,42,NA,NA,NA,NA,"June 11, 2019",0,226.17,280.75,506.92,206.92,28
"40",519,5,75,5,75,5,75,5,75,4,15,7,6,7,6,6,4,1,0.75,3,4,1,0.75,1,0.75,1,0.75,2,0.17,1,0,1,0,6,4,7,6,6,4,6,4,7,6,NA,19,18,0,70,20,23,16,20,47,31,1,0,0,1,1,21,28,49,NA,NA,NA,NA,"September 18, 2019",0,15.67,235,250.67,105.5,31
"41",520,6,180,4,15,6,180,4,15,4,15,7,6,7,6,1,0,6,180,6,180,5,75,6,180,5,75,1,0,2,0.17,2,0.17,7,6,7,6,1,0,5,1.5,6,4,2,20,18,0,100,105,99,67,85,23,44,0,0,0,1,1,34,22,56,NA,NA,NA,NA,"October 5, 2019",0,447.17,216,663.17,457.67,36
"42",522,7,270,4,15,7,270,4,15,4,15,5,1.5,7,6,1,0,6,180,5,75,4,15,7,270,2,1,1,0,1,0,1,0,3,0.5,1,0,2,0.17,5,1.5,5,1.5,NA,21,18,1,100,77,78,74,80,14,50,0,0,0,1,0,22,23,45,NA,NA,NA,NA,"July 22, 2019",0,360.5,306,666.5,469.17,32
"43",524,3,4,5,75,5,75,3,4,2,1,7,6,6,4,1,0,3,4,6,180,2,1,3,4,1,0.75,1,0,1,0,1,0,7,6,2,0.17,4,1,6,4,5,1.5,NA,20,18,0,70,24,21,9,5,29,15,1,1,0,1,0,22,18,40,NA,NA,NA,NA,"August 3, 2019",0,191.17,87,278.17,91.75,29
"44",526,5,75,5,75,6,180,4,15,4,15,7,6,7,6,1,0,4,15,5,75,3,4,5,75,2,1,3,0.5,1,0,2,0.17,7,6,1,0,3,0.5,4,1,2,0.17,NA,31,18,1,100,122,41,77,15,48,47,0,0,0,1,0,26,22,48,NA,NA,NA,NA,"September 14, 2018",1,160.67,171,331.67,218.5,31
"45",527,4,15,5,75,6,180,1,0.75,5,75,6,4,6,4,6,4,6,180,4,15,1,0.75,4,15,1,0.75,1,0,1,0,5,1.5,6,4,1,0,1,0,7,6,6,4,3,19,18,1,100,42,41,22,15,7,26,0,0,0,1,1,22,22,44,NA,NA,NA,NA,"October 29, 2019",0,36.25,98.75,135,445.75,33
"46",528,5,75,5,75,6,180,5,75,1,0.75,7,6,7,6,1,0,4,15,5,75,4,15,3,4,1,0.75,1,0,2,0.17,1,0,6,4,3,0.5,5,1.5,2,0.17,6,4,2,27,18,0,50,53,5,43,10,50,48,1,0,0,1,0,23,23,46,NA,NA,NA,NA,"February 6, 2019",1,98.5,231,329.5,204.34,28
"47",532,6,180,5,75,5,75,3,4,4,15,6,4,7,6,1,0,5,75,7,270,1,0.75,6,180,4,15,1,0,1,0,5,1.5,7,6,2,0.17,6,4,7,6,7,6,NA,18,18,1,65,61,83,62,90,39,47,1,0,0,1,0,29,22,51,NA,NA,NA,NA,"October 23, 2019",0,458.42,265,723.42,194,38
"48",537,3,4,7,270,6,180,4,15,3,4,7,6,7,6,1,0,6,180,7,270,4,15,5,75,3,4,1,0,1,0,5,1.5,7,6,2,0.17,2,0.17,4,1,6,4,NA,24,18,1,100,89,60,92,85,50,48,0,0,0,1,0,31,22,53,NA,NA,NA,NA,"April 18, 2019",0,367.67,295,662.67,375.17,32
"49",539,5,75,3,4,3,4,4,15,1,0.75,6,4,7,6,1,0,3,4,4,15,1,0.75,4,15,1,0.75,1,0,1,0,1,0,6,4,6,4,1,0,6,4,1,0,NA,18,16,1,50,9,7,5,5,1,29,1,1,0,0,0,23,20,43,NA,NA,NA,NA,"October 22, 2019",0,38.75,100,138.75,17.5,22
"50",541,6,180,6,180,6,180,4,15,5,75,7,6,7,6,7,6,6,180,5,75,5,75,7,270,5,75,3,0.5,1,0,1,0,7,6,4,1,7,6,7,6,7,6,NA,30,18,1,100,117,40,85,25,44,46,0,0,0,1,1,32,30,62,NA,NA,NA,NA,"October 26, 2018",1,427.5,387,814.5,528,44
"51",543,7,270,4,15,7,270,4,15,4,15,7,6,7,6,1,0,6,180,5,75,4,15,7,270,3,4,2,0.17,2,0.17,6,4,4,1,4,1,3,0.5,5,1.5,5,1.5,NA,26,18,0,100,78,39,69,60,42,47,0,0,0,1,0,32,23,55,NA,NA,NA,NA,"February 22, 2019",1,366.17,306,672.17,477.17,37
"52",544,5,75,4,15,6,180,1,0.75,3,4,7,6,6,4,6,4,4,15,4,15,1,0.75,4,15,1,0.75,1,0,1,0,1,0,4,1,6,4,3,0.5,6,4,6,4,NA,25,14,0,100,139,99,85,85,44,49,0,0,0,0,0,21,22,43,NA,NA,NA,NA,"March 17, 2019",1,35.75,98.75,134.5,210.25,31
"53",545,6,180,4,15,6,180,5,75,2,1,7,6,7,6,6,4,6,180,6,180,5,75,6,180,3,4,3,0.5,4,1,6,4,7,6,3,0.5,2,0.17,6,4,5,1.5,0,23,18,0,100,36,13,16,5,37,42,0,0,0,1,1,36,28,64,NA,NA,NA,NA,"July 7, 2019",0,446,280,726,376.17,36
"54",546,4,15,1,0.75,5,75,4,15,1,0.75,7,6,7,6,1,0,4,15,6,180,1,0.75,5,75,1,0.75,1,0,4,1,6,4,3,0.5,3,0.5,1,0,1,0,3,0.5,NA,21,16,0,25,38,31,7,5,22,27,1,1,0,0,0,25,17,42,NA,NA,NA,NA,"July 6, 2019",0,260.75,36.75,297.5,98.5,24
"55",547,4,15,4,15,7,270,3,4,4,15,7,6,7,6,1,0,6,180,6,180,4,15,6,180,1,0.75,1,0,1,0,1,0,7,6,1,0,1,0,7,6,6,4,NA,20,18,1,40,75,84,28,20,43,48,1,1,0,1,1,26,19,45,NA,NA,NA,NA,"August 22, 2019",0,381,40,421,477.75,34
"56",548,4,15,4,15,7,270,3,4,4,15,7,6,7,6,1,0,6,180,5,75,3,4,4,15,1,0.75,2,0.17,2,0.17,1,0,7,6,2,0.17,2,0.17,6,4,5,1.5,NA,29,16,1,100,118,52,86,40,39,52,0,0,0,0,0,24,19,43,NA,NA,NA,NA,"November 26, 2018",1,100.34,40,140.34,476.09,35
"57",549,5,75,5,75,6,180,4,15,5,75,7,6,7,6,1,0,6,180,5,75,3,4,5,75,4,15,1,0,2,0.17,1,0,6,4,1,0,3,0.5,6,4,6,4,NA,22,18,1,95,60,35,57,50,8,41,0,0,0,1,0,22,22,44,NA,NA,NA,NA,"June 28, 2019",0,158,171,329,460.67,39
"58",552,6,180,5,75,7,270,3,4,3,4,7,6,7,6,4,1,7,270,5,75,5,75,5,75,3,4,1,0,2,0.17,1,0,6,4,6,4,6,4,6,4,6,4,NA,22,18,1,100,53,23,55,45,47,48,0,0,0,1,0,29,25,54,NA,NA,NA,NA,"June 18, 2019",0,233,266,499,562.17,41
"59",554,7,270,6,180,7,270,5,75,4,15,7,6,7,6,2,0.17,7,270,7,270,6,180,7,270,4,15,1,0,1,0,6,4,2,0.17,2,0.17,1,0,7,6,4,1,NA,25,18,1,70,82,33,36,5,32,43,1,1,0,1,1,31,27,58,NA,NA,NA,NA,"March 13, 2019",1,724.34,531.17,1255.51,582,38
"60",555,4,15,6,180,7,270,7,270,3,4,7,6,7,6,1,0,6,180,7,270,6,180,6,180,7,270,1,0,1,0,1,0,7,6,2,0.17,7,6,7,6,7,6,NA,25,14,1,90,139,98.5,100,99,53,52,0,0,0,0,0,30,25,55,NA,NA,NA,NA,"April 4, 2019",0,636.17,471,1107.17,742,45
"61",558,4,15,5,75,5,75,3,4,4,15,7,6,7,6,1,0,5,75,6,180,4,15,4,15,3,4,2,0.17,3,0.5,6,4,7,6,1,0,4,1,6,4,3,0.5,NA,27,18,0,99,126,92.5,91,85,47,42,0,0,0,1,0,30,20,50,NA,NA,NA,NA,"January 16, 2019",1,220.17,100,320.17,180.5,37
"62",559,5,75,5,75,5,75,2,1,6,180,7,6,7,6,1,0,5,75,5,75,1,0.75,6,180,5,75,2,0.17,1,0,1,0,3,0.5,1,0,3,0.5,3,0.5,3,0.5,NA,25,18,1,90,123,93,74,50,48,49,0,0,0,1,0,19,20,39,NA,NA,NA,NA,"March 19, 2019",1,256.42,157,413.42,412,35
"63",560,5,75,4,15,7,270,3,4,5,75,7,6,7,6,7,6,5,75,6,180,4,15,6,180,3,4,3,0.5,2,0.17,2,0.17,1,0,4,1,1,0,3,0.5,3,0.5,NA,20,18,0,100,54,67,42,65,40,42,0,0,0,1,1,26,26,52,NA,NA,NA,NA,"August 23, 2019",0,376.67,106,482.67,430.67,33
"64",562,6,180,5,75,5,75,2,1,3,4,1,0,7,6,1,0,5,75,5,75,2,1,5,75,1,0.75,1,0,1,0,1,0,7,6,1,0,2,0.17,3,0.5,2,0.17,2,22,18,1,100,81,72,73,80,34,42,0,0,0,1,0,22,21,43,NA,NA,NA,NA,"July 3, 2019",0,157,262,419,155.42,21
"65",565,5,75,5,75,5,75,4,15,4,15,7,6,7,6,1,0,5,75,5,75,4,15,5,75,2,1,1,0,1,0,6,4,6,4,1,0,1,0,6,4,6,4,2,18,18,1,100,32,35,28,40,4,30,0,0,0,1,0,28,22,50,NA,NA,NA,NA,"November 12, 2019",0,173,171,344,176,31
"66",568,5,75,1,0.75,4,15,2,1,2,1,7,6,7,6,1,0,5,75,5,75,2,1,5,75,1,0.75,1,0,1,0,1,0,1,0,1,0,1,0,2,0.17,2,0.17,4,18,18,0,90,26,39,18,45,18,21,0,1,0,1,0,16,16,32,NA,NA,NA,NA,"December 2, 2019",0,151,82.75,233.75,97.92,23
"67",569,4,15,4,15,5,75,4,15,4,15,7,6,7,6,1,0,5,75,6,180,4,15,5,75,4,15,1,0,1,0,1,0,7,6,2,0.17,2,0.17,6,4,4,1,3,22,18,1,100,92,87,69,65,49,44,0,0,0,1,0,26,20,46,NA,NA,NA,NA,"July 3, 2019",0,276.17,51,327.17,190.17,34
"68",571,5,75,5,75,7,270,4,15,4,15,7,6,7,6,1,0,7,270,7,270,4,15,6,180,1,0.75,1,0,2,0.17,1,0,7,6,3,0.5,7,6,7,6,7,6,3,21,18,1,100,77,78,50,45,24,51,0,0,0,1,0,29,22,51,NA,NA,NA,NA,"August 15, 2019",0,471.5,171,642.5,573.92,42
"69",572,5,75,1,0.75,4,15,2,1,2,1,6,4,7,6,1,0,2,1,1,0.75,1,0.75,4,15,3,4,1,0,1,0,1,0,2,0.17,2,0.17,2,0.17,3,0.5,2,0.17,4,21,18,1,50,14,1.5,4,5,33,44,1,1,0,1,0,12,16,28,NA,NA,NA,NA,"August 23, 2019",0,16.84,82.75,99.59,25.67,23
"70",574,5,75,5,75,5,75,5,75,4,15,7,6,7,6,6,4,5,75,5,75,4,15,5,75,3,4,1,0,4,1,6,4,6,4,7,6,5,1.5,6,4,6,4,1,30,18,1,100,150,90,96,65,52,52,0,0,0,1,1,34,28,62,NA,NA,NA,NA,"December 15, 2018",1,179,235,414,181.5,39
"71",576,5,75,5,75,5,75,4,15,3,4,6,4,7,6,6,4,5,75,5,75,2,1,3,4,1,0.75,2,0.17,1,0,1,0,7,6,2,0.17,4,1,7,6,5,1.5,0,24,16,1,100,126,97.5,86,80,45,46,0,0,0,0,1,22,27,49,NA,NA,NA,NA,"May 15, 2019",1,86.34,175,261.34,165.75,32
"72",577,3,4,3,4,4,15,3,4,3,4,6,4,6,4,6,4,3,4,3,4,2,1,3,4,1,0.75,1,0,1,0,1,0,2,0.17,2,0.17,2,0.17,3,0.5,3,0.5,0,23,18,1,15,19,1,12,5,29,29,1,1,0,1,1,14,21,35,NA,NA,NA,NA,"August 18, 2019",0,9.34,20,29.34,28.42,23
"73",578,5,75,4,15,5,75,4,15,3,4,7,6,7,6,1,0,5,75,5,75,3,4,5,75,1,0.75,2,0.17,2,0.17,1,0,6,4,2,0.17,1,0,5,1.5,1,0,5,27,18,0,100,97,59,77,65,46,44,0,0,0,1,0,24,21,45,NA,NA,NA,NA,"February 17, 2019",1,158.34,111,269.34,162.42,29
"74",579,4,15,6,180,6,180,4,15,4,15,7,6,7,6,2,0.17,5,75,5,75,2,1,4,15,1,0.75,4,1,3,0.5,6,4,6,4,1,0,3,0.5,6,4,5,1.5,5,29,18,0,100,158,98.5,98,90,51,51,0,0,0,1,0,28,23,51,NA,NA,NA,NA,"January 14, 2019",1,100,216.17,316.17,281.75,35
"75",582,4,15,5,75,7,270,3,4,2,1,7,6,7,6,1,0,5,75,5,75,3,4,4,15,1,0.75,1,0,1,0,6,4,6,4,2,0.17,4,1,5,1.5,4,1,3,18,18,1,100,12,9,7,5,19,8,0,0,0,1,0,27,20,47,NA,NA,NA,NA,"November 30, 2019",0,102.17,100,202.17,355.25,32
"76",583,3,4,5,75,4,15,3,4,4,15,1,0,1,0,1,0,5,75,5,75,4,15,3,4,3,4,1,0,1,0,1,0,6,4,5,1.5,3,0.5,1,0,1,0,2,21,18,0,20,7,3.5,4,5,5,31,1,1,0,1,0,25,13,38,NA,NA,NA,NA,"September 9, 2019",0,99.5,83,182.5,109.5,22
"77",586,3,4,2,1,2,1,1,0.75,1,0.75,1,0,2,0.17,2,0.17,2,1,3,4,1,0.75,2,1,1,0.75,2,0.17,2,0.17,2,0.17,5,1.5,3,0.5,3,0.5,3,0.5,5,1.5,4,20,18,0,100,74,90,23,35,-34,6,0,0,0,1,1,18,10,28,NA,NA,NA,NA,"October 10, 2019",0,8.09,6.09,14.18,4.67,15
"78",587,3,4,3,4,6,180,3,4,4,15,1,0,7,6,1,0,5,75,5,75,3,4,4,15,4,15,1,0,1,0,6,4,6,4,6,4,1,0,7,6,6,4,2,30,16,0,100,110,49,59,10,45,48,0,0,0,0,0,31,17,48,NA,NA,NA,NA,"December 1, 2018",1,106,18,124,291,29
"79",589,6,180,1,0.75,6,180,5,75,5,75,7,6,7,6,1,0,5,75,5,75,5,75,6,180,3,4,2,0.17,1,0,1,0,7,6,7,6,7,6,7,6,3,0.5,2,18,16,1,5,64,86,0,5,30,32,1,1,0,0,0,33,20,53,NA,NA,NA,NA,"February 3, 2020",0,342.17,261.75,603.92,352,41
"80",592,5,75,4,15,7,270,4,15,3,4,1,0,7,6,2,0.17,6,180,7,270,3,4,7,270,4,15,1,0,1,0,1,0,5,1.5,1,0,7,6,7,6,6,4,5,18,18,1,100,53,72,39,60,24,43,0,0,0,1,0,25,22,47,NA,NA,NA,NA,"December 10, 2019",0,545.5,111.17,656.67,481,36
"81",593,6,180,5,75,5,75,4,15,4,15,7,6,7,6,2,0.17,5,75,5,75,5,75,6,180,2,1,3,0.5,1,0,1,0,5,1.5,3,0.5,5,1.5,6,4,6,4,2,25,16,0,100,95,77,50,35,36,49,0,0,0,0,0,28,24,52,NA,NA,NA,NA,"May 13, 2019",0,332.5,276.17,608.67,177.5,35
"82",594,4,15,3,4,6,180,3,4,3,4,1,0,6,4,3,0.5,6,180,5,75,3,4,5,75,1,0.75,2,0.17,1,0,4,1,7,6,1,0,1,0,3,0.5,3,0.5,3,24,16,1,100,77,38,60,30,19,48,0,0,0,0,0,27,19,46,NA,NA,NA,NA,"June 22, 2019",0,161.17,27.5,188.67,365.25,22
"83",602,4,15,1,0.75,6,180,2,1,3,4,7,6,4,1,1,0,4,15,3,4,1,0.75,4,15,3,4,1,0,1,0,1,0,7,6,1,0,6,4,6,4,7,6,4,21,18,1,100,30,7,19,5,38,25,0,0,0,1,0,18,12,30,NA,NA,NA,NA,"September 4, 2019",0,25.75,17.75,43.5,217,36
"84",605,7,270,6,180,6,180,5,75,5,75,7,6,7,6,1,0,5,75,7,270,5,75,5,75,4,15,1,0,1,0,1,0,7,6,4,1,1,0,7,6,7,6,NA,18,18,1,50,54,74,17,10,20,36,1,1,0,1,1,30,26,56,NA,NA,NA,NA,"January 26, 2020",0,427,531,958,357,36
"85",607,4,15,1,0.75,7,270,4,15,6,180,1,0,7,6,1,0,7,270,5,75,4,15,3,4,3,4,1,0,2,0.17,1,0,7,6,1,0,3,0.5,3,0.5,6,4,1,18,18,1,100,3,3.5,0,5,14,26,0,1,0,1,0,22,17,39,NA,NA,NA,NA,"January 7, 2020",0,100,36.75,136.75,725.17,32
"86",631,5,75,6,180,5,75,4,15,1,0.75,7,6,7,6,1,0,5,75,5,75,4,15,5,75,1,0.75,1,0,1,0,1,0,3,0.5,7,6,1,0,2,0.17,2,0.17,1,28,16,0,100,84,27,51,15,29,44,0,0,0,0,0,26,23,49,NA,NA,NA,NA,"March 7, 2019",1,171.5,276,447.5,157.67,23
"87",634,6,180,4,15,6,180,3,4,4,15,6,4,6,4,1,0,5,75,6,180,2,1,4,15,4,15,1,0,1,0,1,0,7,6,3,0.5,2,0.17,6,4,7,6,3,24,16,0,100,100,89,85,85,51,52,0,0,0,0,0,24,20,44,NA,NA,NA,NA,"June 28, 2019",0,202.5,203,405.5,293.17,34
"88",635,5,75,5,75,5,75,4,15,5,75,5,1.5,7,6,1,0,5,75,3,4,1,0.75,3,4,1,0.75,1,0,2,0.17,1,0,1,0,1,0,1,0,7,6,7,6,7,26,18,0,100,71,28,70,60,43,42,0,0,0,1,0,11,22,33,NA,NA,NA,NA,"May 13, 2019",0,8.75,171,179.75,233.42,31
"89",636,5,75,5,75,6,180,4,15,4,15,7,6,7,6,1,0,5,75,6,180,4,15,5,75,3,4,1,0,2,0.17,1,0,7,6,2,0.17,6,4,7,6,6,4,1,23,18,0,100,82,78,65,70,49,49,0,0,0,1,0,26,22,48,NA,NA,NA,NA,"July 29, 2019",0,276.17,171,447.17,290.17,40
"90",637,2,1,3,4,4,15,1,0.75,3,4,1,0,1,0,1,0,1,0.75,2,1,1,0.75,2,1,1,0.75,1,0,1,0,1,0,1,0,4,1,1,0,1,0,7,6,4,31,18,0,10,74,4,24,5,1,32,1,1,0,1,0,12,8,20,NA,NA,NA,NA,"December 26, 2018",1,3.75,5.75,9.5,20.5,13
"91",639,5,75,4,15,4,15,4,15,3,4,7,6,7,6,2,0.17,4,15,6,180,5,75,5,75,3,4,4,1,1,0,2,0.17,7,6,2,0.17,7,6,7,6,6,4,1,19,18,0,40,70,91,27,50,46,35,1,1,0,1,0,31,22,53,NA,NA,NA,NA,"December 6, 2019",0,337.34,111.17,448.51,56,36
"92",640,7,270,6,180,7,270,6,180,6,180,7,6,7,6,7,6,7,270,6,180,6,180,7,270,6,180,3,0.5,1,0,1,0,2,0.17,2,0.17,4,1,6,4,6,4,3,24,18,0,90,85,73,70,70,54,38,0,1,0,1,1,27,33,60,NA,NA,NA,NA,"July 19, 2019",0,630.84,642,1272.84,911,44
"93",641,6,180,6,180,6,180,3,4,4,15,7,6,7,6,1,0,6,180,7,270,4,15,7,270,1,0.75,1,0,1,0,1,0,7,6,1,0,1,0,2,0.17,6,4,5,24,18,0,100,98,87.5,77,80,53,46,0,0,0,1,0,28,23,51,NA,NA,NA,NA,"July 19, 2019",0,561,370,931,381.92,28
"94",642,5,75,4,15,6,180,4,15,4,15,1,0,7,6,1,0,6,180,5,75,4,15,5,75,1,0.75,1,0,1,0,1,0,1,0,1,0,1,0,1,0,7,6,5,18,18,1,80,24,22,12,5,14,32,0,1,0,1,0,18,21,39,NA,NA,NA,NA,"February 12, 2020",0,165,111,276,375.75,21
"95",643,4,15,6,180,7,270,3,4,3,4,7,6,7,6,1,0,6,180,6,180,3,4,4,15,3,4,1,0,1,0,1,0,7,6,1,0,1,0,5,1.5,5,1.5,2,23,18,1,100,52,13,35,10,35,48,0,0,0,1,0,23,21,44,NA,NA,NA,NA,"August 3, 2019",0,205,205,410,465.5,33
"96",648,4,15,4,15,5,75,3,4,3,4,7,6,7,6,6,4,4,15,5,75,4,15,4,15,2,1,3,0.5,1,0,1,0,7,6,1,0,5,1.5,5,1.5,5,1.5,4,24,18,0,100,107,93.5,68,70,21,42,0,0,0,1,1,25,24,49,NA,NA,NA,NA,"July 29, 2019",0,111.5,44,155.5,104,32
"97",649,6,180,6,180,5,75,2,1,3,4,7,6,7,6,1,0,6,180,6,180,2,1,6,180,2,1,3,0.5,1,0,1,0,7,6,1,0,1,0,4,1,7,6,4,28,18,1,90,117,60,83,40,52,52,0,0,0,1,0,26,22,48,NA,NA,NA,NA,"March 21, 2019",1,367.5,367,734.5,267,29
"98",650,5,75,4,15,6,180,3,4,3,4,6,4,7,6,1,0,5,75,5,75,4,15,4,15,1,0.75,1,0,1,0,1,0,6,4,5,1.5,3,0.5,3,0.5,6,4,0,21,18,1,97,100,96.5,73,80,11,47,0,0,0,1,0,26,20,46,NA,NA,NA,NA,"October 3, 2019",0,110.5,100,210.5,264.75,28
"99",651,4,15,7,270,7,270,5,75,1,0.75,7,6,7,6,5,1.5,5,75,6,180,4,15,2,1,3,4,1,0,1,0,1,0,6,4,3,0.5,2,0.17,6,4,7,6,1,21,18,0,100,27,17,10,5,24,21,0,0,0,1,0,23,28,51,NA,NA,NA,NA,"October 27, 2019",0,200.5,367.5,568,359.92,32
"100",656,5,75,6,180,6,180,3,4,4,15,7,6,7,6,1,0,7,270,6,180,5,75,7,270,2,1,1,0,1,0,1,0,6,4,3,0.5,3,0.5,6,4,3,0.5,3,24,16,0,100,45,14,16,5,47,38,0,0,0,0,0,29,22,51,NA,NA,NA,NA,"July 17, 2019",0,529.5,265,794.5,476.5,36
"101",658,4,15,4,15,5,75,5,75,4,15,7,6,7,6,6,4,4,15,5,75,4,15,5,75,1,0.75,1,0,1,0,1,0,4,1,1,0,1,0,2,0.17,5,1.5,4,21,16,0,100,62,70,40,55,24,27,0,0,0,0,1,21,26,47,NA,NA,NA,NA,"October 24, 2019",0,166,115,281,111.92,25
"102",659,4,15,5,75,5,75,3,4,5,75,7,6,6,4,1,0,4,15,5,75,3,4,3,4,3,4,1,0,1,0,1,0,6,4,1,0,6,4,6,4,7,6,3,26,18,1,100,115,78,92,80,51,51,0,0,0,1,0,20,19,39,NA,NA,NA,NA,"May 21, 2019",0,87,98,185,183,37
"103",665,5,75,5,75,6,180,3,4,3,4,5,1.5,7,6,1,0,5,75,5,75,5,75,5,75,1,0.75,1,0,1,0,1,0,7,6,1,0,2,0.17,6,4,7,6,4,18,16,1,80,32,35,24,25,31,40,0,0,0,0,1,25,21,46,NA,NA,NA,NA,"February 5, 2020",0,231,160,391,265.42,29
"104",671,5,75,5,75,6,180,5,75,5,75,7,6,7,6,1,0,6,180,6,180,4,15,4,15,4,15,1,0,1,0,1,0,7,6,1,0,2,0.17,6,4,7,6,6,22,16,1,95,90,84,95,99,52,47,0,0,0,0,0,24,23,47,NA,NA,NA,NA,"November 9, 2019",0,216,231,447,460.17,37
"105",672,5,75,6,180,5,75,4,15,4,15,7,6,7,6,1,0,3,4,4,15,3,4,4,15,3,4,1,0,1,0,1,0,6,4,2,0.17,1,0,6,4,2,0.17,0,23,18,0,75,96,91.5,56,65,54,51,0,1,0,1,0,21,23,44,NA,NA,NA,NA,"September 13, 2019",0,38.17,276,314.17,108,30
"106",673,4,15,5,75,5,75,3,4,3,4,7,6,5,1.5,2,0.17,5,75,4,15,4,15,4,15,3,4,1,0,1,0,1,0,2,0.17,2,0.17,2,0.17,5,1.5,6,4,7,25,16,0,100,126,97.5,84,80,54,47,0,0,0,0,1,18,19,37,NA,NA,NA,NA,"August 12, 2019",0,45.34,95.67,141.01,165.67,31
